node,Fx_kN,Fy_kN,Fz_kN,Mx_kNm,My_kNm,Mz_kNm,x_m,y_m,z_m,source_names,source_guids,status
8416,4.697607668895198,2.5865379191997646,407.9934949087468,-5.581231355601647,9.568286709329046,-0.09530861463937593,0.3,0.3,-1.8,C-A1-BASE,3_ROqCQqLQreUOQd9pPVGR,H03_C_UNFACTORED_DIAGNOSTIC_FIXED_BASE_NOT_FOUNDATION_DESIGN
8419,4.984391453756327,5.874070414170819,766.0974949326668,-11.605516931557823,10.140472340584779,-0.20277078059247788,0.3,4.2,-1.8,C-A2-BASE,2SIYxwIffLthIq6aGjJmvK,H03_C_UNFACTORED_DIAGNOSTIC_FIXED_BASE_NOT_FOUNDATION_DESIGN
8422,4.261227482319694,-9.422110806869975,582.4482351125373,17.574939949677223,8.519116500699344,0.45050465577777477,0.3,11.7,-1.8,C-A3-BASE,08zJ9b2zvGLea3E44NyIwL,H03_C_UNFACTORED_DIAGNOSTIC_FIXED_BASE_NOT_FOUNDATION_DESIGN
8425,0.1728956664689307,0.7657864013574326,569.3726438764269,-2.0070294074975665,1.0271170989828304,0.08324433725026534,6.0,0.3,-1.8,C-B1-BASE,2sqw2KVaPTvecgrF2Mv41l,H03_C_UNFACTORED_DIAGNOSTIC_FIXED_BASE_NOT_FOUNDATION_DESIGN
8428,-2.3690723347309017,-0.6863566286730948,333.259142494682,-3.1399116378927574,-0.5948119105855901,2.558367241520841,6.0,4.2,-1.8,C-B2-BASE,2pdjOuparUcwLWN0OoNb0A,H03_C_UNFACTORED_DIAGNOSTIC_FIXED_BASE_NOT_FOUNDATION_DESIGN
8431,24.46575067638789,-29.92312406567805,299.99781785476233,8.99962044321925,4.96992135853956,-1.9221340914433107,6.0,11.7,-1.8,C-B3-BASE,1xTJMvALHLbxffI84Ya_Xo,H03_C_UNFACTORED_DIAGNOSTIC_FIXED_BASE_NOT_FOUNDATION_DESIGN
8434,0.8223987467548265,0.9645386730556725,583.4442103151503,-2.501550173544824,2.0536514561579944,0.03598102190142951,12.0,0.3,-1.8,C-C1-BASE,0mwAo3oQTLGPlsud_l_jGs,H03_C_UNFACTORED_DIAGNOSTIC_FIXED_BASE_NOT_FOUNDATION_DESIGN
8437,0.15859500338217034,9.151885716457077,325.3152315449381,-4.239518011547415,-0.14385018898865695,-1.0140512911304334,12.0,4.2,-1.8,C-C2-BASE,2_5KNXJhzP$QtgR3Zp66eE,H03_C_UNFACTORED_DIAGNOSTIC_FIXED_BASE_NOT_FOUNDATION_DESIGN
8440,4.926643740555097,-4.439820441675986,539.5242447441447,7.942314880687444,9.301504039014745,0.253527853448776,12.0,11.7,-1.8,C-C3-BASE,18itBfo3HG5g7l3DTswJ1M,H03_C_UNFACTORED_DIAGNOSTIC_FIXED_BASE_NOT_FOUNDATION_DESIGN
8443,-3.9987492323420333,2.950532819651652,409.66686115148775,-6.803442120822334,-6.995327653122345,0.3143595747034479,17.7,0.3,-1.8,C-D1-BASE,3RHLjg7o1NUfpTfV2cWdmn,H03_C_UNFACTORED_DIAGNOSTIC_FIXED_BASE_NOT_FOUNDATION_DESIGN
8446,-4.765520122385336,6.480187941102588,779.9676821167055,-13.28038036434863,-8.768842920699647,0.38467000760330305,17.7,4.2,-1.8,C-D2-BASE,0LOpXW71bUHBIWfj4aEz2c,H03_C_UNFACTORED_DIAGNOSTIC_FIXED_BASE_NOT_FOUNDATION_DESIGN
8449,-5.797725417938348,-9.305178690613385,636.3050493910429,16.867738806542558,-11.049234658585828,-0.24410917308358038,17.7,11.7,-1.8,C-D3-BASE,0D1sd$m9TKZv6ZxBVxujnS,H03_C_UNFACTORED_DIAGNOSTIC_FIXED_BASE_NOT_FOUNDATION_DESIGN
11499,1.0677442049990775,7.929663049597156,22.573011645983556,-0.10760714716913662,0.17396799475260194,-0.012844533921526846,6.245,3.5,-1.8,SW-STAIR-W-BASE,2u0XIlHdzHSxUvqowNFytD,H03_C_UNFACTORED_DIAGNOSTIC_FIXED_BASE_NOT_FOUNDATION_DESIGN
11500,1.2755089397180197,2.570582612758627,36.73737388679819,-0.15585724032644993,0.3509933753635681,0.08675076486225586,6.245,3.625,-1.8,SW-STAIR-W-BASE,2u0XIlHdzHSxUvqowNFytD,H03_C_UNFACTORED_DIAGNOSTIC_FIXED_BASE_NOT_FOUNDATION_DESIGN
11501,1.23908320546816,1.0608788404929692,24.380726865472095,-0.08144607001832335,0.1718276292977126,0.01692536976155746,6.245,3.75,-1.8,SW-STAIR-W-BASE,2u0XIlHdzHSxUvqowNFytD,H03_C_UNFACTORED_DIAGNOSTIC_FIXED_BASE_NOT_FOUNDATION_DESIGN
11502,0.7815373602301996,0.8201147694169846,19.990408638755717,-0.04956616404744242,0.11600647462579491,0.0397460615210498,6.245,3.8,-1.8,SW-STAIR-W-BASE,2u0XIlHdzHSxUvqowNFytD,H03_C_UNFACTORED_DIAGNOSTIC_FIXED_BASE_NOT_FOUNDATION_DESIGN
11503,0.6912927745476345,-5.802819915351868,11.846444904097687,-0.035965935059006464,0.1310356126617321,0.054910870854283284,6.245,3.9,-1.8,SW-STAIR-W-BASE,2u0XIlHdzHSxUvqowNFytD,H03_C_UNFACTORED_DIAGNOSTIC_FIXED_BASE_NOT_FOUNDATION_DESIGN
11504,0.10702108462917984,2.402158741065176,4.110981000637959,-0.013916067904453218,0.015419180589858826,0.00022012920649035054,6.335,3.9,-1.8,SW-STAIR-W-BASE,2u0XIlHdzHSxUvqowNFytD,H03_C_UNFACTORED_DIAGNOSTIC_FIXED_BASE_NOT_FOUNDATION_DESIGN
11505,0.1984152516778814,0.5151750566962352,10.752081729556053,-0.04174820371335945,0.029663267070609373,0.0006009752108273694,6.335,4.0,-1.8,SW-STAIR-W-BASE,2u0XIlHdzHSxUvqowNFytD,H03_C_UNFACTORED_DIAGNOSTIC_FIXED_BASE_NOT_FOUNDATION_DESIGN
11506,-0.007997447117629619,0.6869000755949837,13.60629750394775,-0.055664271617812205,-0.0013316446424080502,0.0008013002811031052,6.335,4.2,-1.8,SW-STAIR-W-BASE,2u0XIlHdzHSxUvqowNFytD,H03_C_UNFACTORED_DIAGNOSTIC_FIXED_BASE_NOT_FOUNDATION_DESIGN
11507,-0.18350819254489353,0.4722438019715558,8.877671418408253,-0.038269186737245546,-0.027616997839383872,0.0005508939432584043,6.335,4.4,-1.8,SW-STAIR-W-BASE,2u0XIlHdzHSxUvqowNFytD,H03_C_UNFACTORED_DIAGNOSTIC_FIXED_BASE_NOT_FOUNDATION_DESIGN
11508,-0.10761291923772648,0.1717250188987498,3.118772431829409,-0.013916067904452847,-0.016174944779349835,0.0002003250702758236,6.335,4.475,-1.8,SW-STAIR-W-BASE,2u0XIlHdzHSxUvqowNFytD,H03_C_UNFACTORED_DIAGNOSTIC_FIXED_BASE_NOT_FOUNDATION_DESIGN
11509,-0.030310118759698843,-1.7934042742932084,0.35308842746385094,-0.0034790169761132585,-0.003953794326550392,3.027713135442031e-05,6.335,4.5,-1.8,SW-STAIR-W-BASE,2u0XIlHdzHSxUvqowNFytD,H03_C_UNFACTORED_DIAGNOSTIC_FIXED_BASE_NOT_FOUNDATION_DESIGN
11510,-0.15112128958716878,6.746058570692646,11.63072151634661,-0.03586838770010635,-0.10671804016772973,-0.022279716396679507,6.245,4.5,-1.8,SW-STAIR-W-BASE,2u0XIlHdzHSxUvqowNFytD,H03_C_UNFACTORED_DIAGNOSTIC_FIXED_BASE_NOT_FOUNDATION_DESIGN
11511,-0.45194930617547435,0.30681124015543215,12.775198431111418,-0.032924246081526,-0.056953629129658886,0.025360195445163332,6.245,4.6,-1.8,SW-STAIR-W-BASE,2u0XIlHdzHSxUvqowNFytD,H03_C_UNFACTORED_DIAGNOSTIC_FIXED_BASE_NOT_FOUNDATION_DESIGN
11512,-0.4018978127205109,0.06910539553799033,15.280969536389089,-0.04250506023487324,-0.07972410015321157,0.010407654725219899,6.245,4.625,-1.8,SW-STAIR-W-BASE,2u0XIlHdzHSxUvqowNFytD,H03_C_UNFACTORED_DIAGNOSTIC_FIXED_BASE_NOT_FOUNDATION_DESIGN
11513,-0.46294791554345527,0.6991055091297609,21.535624553439025,-0.06747868960409886,-0.11971090146900806,0.00902977392479841,6.245,4.75,-1.8,SW-STAIR-W-BASE,2u0XIlHdzHSxUvqowNFytD,H03_C_UNFACTORED_DIAGNOSTIC_FIXED_BASE_NOT_FOUNDATION_DESIGN
11514,-0.5684274321701893,3.380005309478883,44.544883228940705,-0.1599056422698033,-0.2599527109466058,0.008326147506066275,6.245,4.85,-1.8,SW-STAIR-W-BASE,2u0XIlHdzHSxUvqowNFytD,H03_C_UNFACTORED_DIAGNOSTIC_FIXED_BASE_NOT_FOUNDATION_DESIGN
11515,-0.3995468211173269,6.6281485781661615,63.85436894442289,-0.27826164533343223,-0.3966468501289221,0.018949135805084744,6.245,5.25,-1.8,SW-STAIR-W-BASE,2u0XIlHdzHSxUvqowNFytD,H03_C_UNFACTORED_DIAGNOSTIC_FIXED_BASE_NOT_FOUNDATION_DESIGN
11516,-0.19810241495147768,6.242041893987658,44.742217446029784,-0.2319975762256094,-0.3244071215944247,0.02487631735237267,6.245,5.61,-1.8,SW-STAIR-W-BASE,2u0XIlHdzHSxUvqowNFytD,H03_C_UNFACTORED_DIAGNOSTIC_FIXED_BASE_NOT_FOUNDATION_DESIGN
11517,-0.12182392690620149,4.43470323497037,24.140470445586498,-0.1352394657391136,-0.19699272333031842,0.020367415086364606,6.245,5.8,-1.8,SW-STAIR-W-BASE,2u0XIlHdzHSxUvqowNFytD,H03_C_UNFACTORED_DIAGNOSTIC_FIXED_BASE_NOT_FOUNDATION_DESIGN
11518,-0.05221110328127479,3.3575906360909578,18.714906071885164,-0.11531623713169126,-0.1638920619410834,0.016812949157337338,6.245,5.9,-1.8,SW-STAIR-W-BASE,2u0XIlHdzHSxUvqowNFytD,H03_C_UNFACTORED_DIAGNOSTIC_FIXED_BASE_NOT_FOUNDATION_DESIGN
11519,-0.10597985428220051,4.274105902864074,25.192738194955986,-0.170813519298892,-0.23000240598251687,0.012341421788299639,6.245,6.025,-1.8,SW-STAIR-W-BASE,2u0XIlHdzHSxUvqowNFytD,H03_C_UNFACTORED_DIAGNOSTIC_FIXED_BASE_NOT_FOUNDATION_DESIGN
11520,-0.4477060778514391,11.528061186085823,71.00193955959543,-0.4458052142172048,-0.7020499881626576,0.02883040588150501,6.245,6.19,-1.8,SW-STAIR-W-BASE,2u0XIlHdzHSxUvqowNFytD,H03_C_UNFACTORED_DIAGNOSTIC_FIXED_BASE_NOT_FOUNDATION_DESIGN
11521,-0.4829534383523319,9.38592952253947,71.98359064964163,-0.36078099716251844,-0.7373375364147916,0.025586540373157433,6.245,6.8,-1.8,SW-STAIR-W-BASE,2u0XIlHdzHSxUvqowNFytD,H03_C_UNFACTORED_DIAGNOSTIC_FIXED_BASE_NOT_FOUNDATION_DESIGN
11522,-0.17821504893730816,2.4438424208764227,25.75446848852968,-0.0958318256676639,-0.27234726762708905,0.007697798760947387,6.245,6.925,-1.8,SW-STAIR-W-BASE,2u0XIlHdzHSxUvqowNFytD,H03_C_UNFACTORED_DIAGNOSTIC_FIXED_BASE_NOT_FOUNDATION_DESIGN
11523,-0.5399858802813388,4.771893932439577,74.40589410705581,-0.1934869547556733,-0.805373017363435,0.013152751935983878,6.245,7.05,-1.8,SW-STAIR-W-BASE,2u0XIlHdzHSxUvqowNFytD,H03_C_UNFACTORED_DIAGNOSTIC_FIXED_BASE_NOT_FOUNDATION_DESIGN
11524,-0.9449132326461414,3.8930864685262208,123.9888892110489,-0.15947932653165034,-1.365846195855851,0.0021752263216302664,6.245,7.6325,-1.8,SW-STAIR-W-BASE,2u0XIlHdzHSxUvqowNFytD,H03_C_UNFACTORED_DIAGNOSTIC_FIXED_BASE_NOT_FOUNDATION_DESIGN
11525,-0.9040360684967617,-0.10082170404650714,123.78812044941444,0.00019875208878342154,-1.3078804345406985,-0.024661941928124244,6.245,8.215,-1.8,SW-STAIR-W-BASE,2u0XIlHdzHSxUvqowNFytD,H03_C_UNFACTORED_DIAGNOSTIC_FIXED_BASE_NOT_FOUNDATION_DESIGN
11526,-0.7425856019144768,-3.006327901432787,122.0834090601268,0.11740198717378152,-1.1258871316856247,-0.04619183272294798,6.245,8.7975,-1.8,SW-STAIR-W-BASE,2u0XIlHdzHSxUvqowNFytD,H03_C_UNFACTORED_DIAGNOSTIC_FIXED_BASE_NOT_FOUNDATION_DESIGN
11527,-0.41996864203453427,-3.8041699798034863,89.99941914677828,0.15053691084412027,-0.6784306440398444,-0.04402876612655579,6.245,9.38,-1.8,SW-STAIR-W-BASE,2u0XIlHdzHSxUvqowNFytD,H03_C_UNFACTORED_DIAGNOSTIC_FIXED_BASE_NOT_FOUNDATION_DESIGN
11528,-0.16171924008828958,-3.323249003080636,58.93945041291364,0.1317423318175227,-0.34277951611989516,-0.034358609555069905,6.245,9.67,-1.8,SW-STAIR-W-BASE,2u0XIlHdzHSxUvqowNFytD,H03_C_UNFACTORED_DIAGNOSTIC_FIXED_BASE_NOT_FOUNDATION_DESIGN
11529,0.004942800455973145,-7.20594779207304,100.90122150345813,0.2888217364136412,-0.417480327930542,-0.04269854500152229,6.245,9.96,-1.8,SW-STAIR-W-BASE,2u0XIlHdzHSxUvqowNFytD,H03_C_UNFACTORED_DIAGNOSTIC_FIXED_BASE_NOT_FOUNDATION_DESIGN
11530,-0.8016389533716205,-12.616881501419826,139.17690591335696,0.47308519795719695,-0.41056903972166703,-0.03378781668918714,6.245,10.68,-1.8,SW-STAIR-W-BASE,2u0XIlHdzHSxUvqowNFytD,H03_C_UNFACTORED_DIAGNOSTIC_FIXED_BASE_NOT_FOUNDATION_DESIGN
11531,-1.1436650923128184,-11.927545656796017,68.18513679482007,0.1834383552966753,-0.21318480794587003,-0.006540077121816252,6.245,11.4,-1.8,SW-STAIR-W-BASE,2u0XIlHdzHSxUvqowNFytD,H03_C_UNFACTORED_DIAGNOSTIC_FIXED_BASE_NOT_FOUNDATION_DESIGN
11532,-0.020528325562349032,1.408738226859915,0.32016253879923967,0.004145362364092142,-0.0025739668649662328,-0.0001526752228826294,6.335,11.4,-1.8,SW-STAIR-W-BASE,2u0XIlHdzHSxUvqowNFytD,H03_C_UNFACTORED_DIAGNOSTIC_FIXED_BASE_NOT_FOUNDATION_DESIGN
11533,-0.04015224826057505,-0.09525133062943292,1.613294317007745,0.008981618455532997,-0.005906353788448137,-9.782941496988482e-05,6.335,11.43,-1.8,SW-STAIR-W-BASE,2u0XIlHdzHSxUvqowNFytD,H03_C_UNFACTORED_DIAGNOSTIC_FIXED_BASE_NOT_FOUNDATION_DESIGN
11534,-0.036073892634471943,-0.10257835606245802,1.7729273224719788,0.009672512182881638,-0.005285640179099327,-0.00010535475458294927,6.335,11.465,-1.8,SW-STAIR-W-BASE,2u0XIlHdzHSxUvqowNFytD,H03_C_UNFACTORED_DIAGNOSTIC_FIXED_BASE_NOT_FOUNDATION_DESIGN
11535,-0.03486234214268641,-0.13188645779460928,2.336585304527848,0.012436087092276272,-0.005068066543596641,-0.00013545611303524043,6.335,11.5,-1.8,SW-STAIR-W-BASE,2u0XIlHdzHSxUvqowNFytD,H03_C_UNFACTORED_DIAGNOSTIC_FIXED_BASE_NOT_FOUNDATION_DESIGN
11536,-0.0233439651839095,-0.1318864577946144,2.393692623020299,0.012436087092276272,-0.003340309999780084,-0.00013545611303523858,6.335,11.555,-1.8,SW-STAIR-W-BASE,2u0XIlHdzHSxUvqowNFytD,H03_C_UNFACTORED_DIAGNOSTIC_FIXED_BASE_NOT_FOUNDATION_DESIGN
11537,-0.009385419948985608,-0.1831756358258234,3.438787724512906,0.017272343183717027,-0.0011838063565057712,-0.00018813349032670415,6.335,11.59,-1.8,SW-STAIR-W-BASE,2u0XIlHdzHSxUvqowNFytD,H03_C_UNFACTORED_DIAGNOSTIC_FIXED_BASE_NOT_FOUNDATION_DESIGN
11538,0.004760874595507934,-1.840427624098798,2.9475707165509473,0.012436087092276244,0.0004238955903484272,-2.7932927831016505e-05,6.335,11.68,-1.8,SW-STAIR-W-BASE,2u0XIlHdzHSxUvqowNFytD,H03_C_UNFACTORED_DIAGNOSTIC_FIXED_BASE_NOT_FOUNDATION_DESIGN
11539,7.009846889025997,-0.10442337695652905,9.56303564365745,-0.07087511465239349,0.039549235959813925,0.006413473437942205,6.37,3.625,-1.8,SW-STAIR-S-BASE,1tUscgKnLVH8SzJVul76Er,H03_C_UNFACTORED_DIAGNOSTIC_FIXED_BASE_NOT_FOUNDATION_DESIGN
11540,4.091786674574722,1.721372512587171,54.43039499101579,-0.49056222360423407,0.21396940515509819,-0.012389498128547307,6.42,3.625,-1.8,SW-STAIR-S-BASE,1tUscgKnLVH8SzJVul76Er,H03_C_UNFACTORED_DIAGNOSTIC_FIXED_BASE_NOT_FOUNDATION_DESIGN
11541,3.8177287350015003,1.6524099457587003,105.36018294386224,-0.8013049452213624,0.20340021521566382,-0.029997618055547265,6.77,3.625,-1.8,SW-STAIR-S-BASE,1tUscgKnLVH8SzJVul76Er,H03_C_UNFACTORED_DIAGNOSTIC_FIXED_BASE_NOT_FOUNDATION_DESIGN
11542,-0.355682674389306,0.7911921334254537,115.11091907355066,-0.7667480058239418,0.0036476314563071224,-0.013249372457203229,7.235,3.625,-1.8,SW-STAIR-S-BASE,1tUscgKnLVH8SzJVul76Er,H03_C_UNFACTORED_DIAGNOSTIC_FIXED_BASE_NOT_FOUNDATION_DESIGN
11543,-2.7252021118967136,0.5097877473963116,88.47463406153238,-0.5742738736973265,-0.10334664142031252,-0.003050236322938618,7.7,3.625,-1.8,SW-STAIR-S-BASE,1tUscgKnLVH8SzJVul76Er,H03_C_UNFACTORED_DIAGNOSTIC_FIXED_BASE_NOT_FOUNDATION_DESIGN
11544,-6.279998287830045,0.5391110613245729,107.00177378579,-0.749662322356587,-0.2489907319657742,0.018680382164790205,7.97,3.625,-1.8,SW-STAIR-S-BASE,1tUscgKnLVH8SzJVul76Er,H03_C_UNFACTORED_DIAGNOSTIC_FIXED_BASE_NOT_FOUNDATION_DESIGN
11545,-14.083391987100423,2.6449106671106533,150.70241464764598,-1.4055274764383128,-0.6211521267339152,0.08675022483869581,8.61,3.625,-1.8,SW-STAIR-S-BASE,1tUscgKnLVH8SzJVul76Er,H03_C_UNFACTORED_DIAGNOSTIC_FIXED_BASE_NOT_FOUNDATION_DESIGN
11546,-16.809269023496995,3.098343150379814,83.55910737000639,-1.0177357364659967,-0.5098383503363682,0.01881839537985914,9.25,3.625,-1.8,SW-STAIR-S-BASE,1tUscgKnLVH8SzJVul76Er,H03_C_UNFACTORED_DIAGNOSTIC_FIXED_BASE_NOT_FOUNDATION_DESIGN
11547,5.399421373684661,-0.057989495531296835,4.77348843574807,0.10121058799642735,-0.004496754314186746,0.005871969405835953,6.37,11.555,-1.8,SW-STAIR-N-BASE,3Susfu0UHOHfiL8PAB1l_e,H03_C_UNFACTORED_DIAGNOSTIC_FIXED_BASE_NOT_FOUNDATION_DESIGN
11548,-0.5198533767075615,-1.3337507101036388,37.37235749370372,0.3222034600274675,-0.026953150625262275,-0.028834739944803164,6.42,11.555,-1.8,SW-STAIR-N-BASE,3Susfu0UHOHfiL8PAB1l_e,H03_C_UNFACTORED_DIAGNOSTIC_FIXED_BASE_NOT_FOUNDATION_DESIGN
11549,-2.039582716435064,-1.5805728960975898,75.22696874809631,0.6184896463154809,-0.08409146222057644,0.01750270325327456,6.77,11.555,-1.8,SW-STAIR-N-BASE,3Susfu0UHOHfiL8PAB1l_e,H03_C_UNFACTORED_DIAGNOSTIC_FIXED_BASE_NOT_FOUNDATION_DESIGN
11550,-4.024548214178539,-0.7961294540672379,83.82024272570163,0.5415224859349113,-0.1588136215340749,0.03427064157623305,7.235,11.555,-1.8,SW-STAIR-N-BASE,3Susfu0UHOHfiL8PAB1l_e,H03_C_UNFACTORED_DIAGNOSTIC_FIXED_BASE_NOT_FOUNDATION_DESIGN
11551,-4.422311639038174,-0.3281454079268792,64.91346313978158,0.339304288515321,-0.17577467057865578,0.015600064445157116,7.7,11.555,-1.8,SW-STAIR-N-BASE,3Susfu0UHOHfiL8PAB1l_e,H03_C_UNFACTORED_DIAGNOSTIC_FIXED_BASE_NOT_FOUNDATION_DESIGN
11552,-7.261499312260118,-0.2276843960304614,78.92234407917226,0.40894086749869213,-0.29064500285900885,-0.010718235821535818,7.97,11.555,-1.8,SW-STAIR-N-BASE,3Susfu0UHOHfiL8PAB1l_e,H03_C_UNFACTORED_DIAGNOSTIC_FIXED_BASE_NOT_FOUNDATION_DESIGN
11553,-13.495014502563322,-1.8210350901942158,112.11766683638507,0.8741911444167649,-0.5863629183909922,-0.08159532305733147,8.61,11.555,-1.8,SW-STAIR-N-BASE,3Susfu0UHOHfiL8PAB1l_e,H03_C_UNFACTORED_DIAGNOSTIC_FIXED_BASE_NOT_FOUNDATION_DESIGN
11554,-13.909273517521399,-2.376967874866959,63.227368177969055,0.7155358265596744,-0.4375320730928759,-0.03277046384083055,9.25,11.555,-1.8,SW-STAIR-N-BASE,3Susfu0UHOHfiL8PAB1l_e,H03_C_UNFACTORED_DIAGNOSTIC_FIXED_BASE_NOT_FOUNDATION_DESIGN
11555,-1.286796021495625,8.374522812185198,22.72221704761507,-0.13811643522566713,-0.23876461751886216,0.025486979959375256,9.375,3.5,-1.8,SW-SHARED-STAIR-LIFT-BASE,1SnbtbDRLQCQ5gG71z3C5f,H03_C_UNFACTORED_DIAGNOSTIC_FIXED_BASE_NOT_FOUNDATION_DESIGN
11556,-1.939408156622184,3.7463522928272113,34.683680250745624,-0.21785805397940905,-0.5219173823800661,-0.08486741064065484,9.375,3.625,-1.8,SW-SHARED-STAIR-LIFT-BASE,1SnbtbDRLQCQ5gG71z3C5f,H03_C_UNFACTORED_DIAGNOSTIC_FIXED_BASE_NOT_FOUNDATION_DESIGN
11557,-1.613231455975062,2.0176415314240037,22.773340429708558,-0.13509289353728546,-0.2687086331003258,0.0022449813452921465,9.375,3.75,-1.8,SW-SHARED-STAIR-LIFT-BASE,1SnbtbDRLQCQ5gG71z3C5f,H03_C_UNFACTORED_DIAGNOSTIC_FIXED_BASE_NOT_FOUNDATION_DESIGN
11558,-0.9934396897165219,1.8668875590351268,18.373012350281318,-0.10100907935361733,-0.20790501924406857,-0.02337521061597691,9.375,3.8,-1.8,SW-SHARED-STAIR-LIFT-BASE,1SnbtbDRLQCQ5gG71z3C5f,H03_C_UNFACTORED_DIAGNOSTIC_FIXED_BASE_NOT_FOUNDATION_DESIGN
11559,-0.9794381019772453,2.3826289172802966,23.569483288306245,-0.12091206416664882,-0.23228962035640247,-0.03829510459713982,9.375,3.9,-1.8,SW-SHARED-STAIR-LIFT-BASE,1SnbtbDRLQCQ5gG71z3C5f,H03_C_UNFACTORED_DIAGNOSTIC_FIXED_BASE_NOT_FOUNDATION_DESIGN
11560,-0.8699935894549724,3.3157068622251105,33.79561690997371,-0.15539418170337113,-0.2467611469821173,-0.06126810717349625,9.375,4.0,-1.8,SW-SHARED-STAIR-LIFT-BASE,1SnbtbDRLQCQ5gG71z3C5f,H03_C_UNFACTORED_DIAGNOSTIC_FIXED_BASE_NOT_FOUNDATION_DESIGN
11561,-0.4594839468019328,3.828058386809637,43.112878668524885,-0.17285884990584366,-0.17595694087758582,-0.0769786719108187,9.375,4.2,-1.8,SW-SHARED-STAIR-LIFT-BASE,1SnbtbDRLQCQ5gG71z3C5f,H03_C_UNFACTORED_DIAGNOSTIC_FIXED_BASE_NOT_FOUNDATION_DESIGN
11562,0.050307862168430605,2.261521278611304,28.58264030362409,-0.09985041073979614,-0.029910614971767162,-0.04958710166911699,9.375,4.4,-1.8,SW-SHARED-STAIR-LIFT-BASE,1SnbtbDRLQCQ5gG71z3C5f,H03_C_UNFACTORED_DIAGNOSTIC_FIXED_BASE_NOT_FOUNDATION_DESIGN
11563,0.09133214825440977,0.7492880505792909,10.174996381854006,-0.032394530405665846,0.009554758064172428,-0.0179705966190489,9.375,4.475,-1.8,SW-SHARED-STAIR-LIFT-BASE,1SnbtbDRLQCQ5gG71z3C5f,H03_C_UNFACTORED_DIAGNOSTIC_FIXED_BASE_NOT_FOUNDATION_DESIGN
11564,0.08378985557886844,1.1411232322898917,12.528097626389199,-0.05089346812411834,0.013829732601461156,-0.01634894084801528,9.375,4.5,-1.8,SW-SHARED-STAIR-LIFT-BASE,1SnbtbDRLQCQ5gG71z3C5f,H03_C_UNFACTORED_DIAGNOSTIC_FIXED_BASE_NOT_FOUNDATION_DESIGN
11565,0.21524278551734852,1.0061805356669984,12.515512319114404,-0.052929277024571314,0.03210029454864584,-0.012470640172055824,9.375,4.6,-1.8,SW-SHARED-STAIR-LIFT-BASE,1SnbtbDRLQCQ5gG71z3C5f,H03_C_UNFACTORED_DIAGNOSTIC_FIXED_BASE_NOT_FOUNDATION_DESIGN
11566,-0.08347216459964796,1.414349165113224,15.182592556323188,-0.06035146238185049,0.02839698668442933,0.008559842607623054,9.375,4.625,-1.8,SW-SHARED-STAIR-LIFT-BASE,1SnbtbDRLQCQ5gG71z3C5f,H03_C_UNFACTORED_DIAGNOSTIC_FIXED_BASE_NOT_FOUNDATION_DESIGN
11567,0.43451055875215006,1.9389470460845555,22.48496903507032,-0.0877815813261292,0.07101718835079102,-0.0038962982775087294,9.375,4.75,-1.8,SW-SHARED-STAIR-LIFT-BASE,1SnbtbDRLQCQ5gG71z3C5f,H03_C_UNFACTORED_DIAGNOSTIC_FIXED_BASE_NOT_FOUNDATION_DESIGN
11568,0.6903532027403928,4.227554143128431,50.28109033226902,-0.18839070051129037,0.14983759997434487,0.009364956061557073,9.375,4.85,-1.8,SW-SHARED-STAIR-LIFT-BASE,1SnbtbDRLQCQ5gG71z3C5f,H03_C_UNFACTORED_DIAGNOSTIC_FIXED_BASE_NOT_FOUNDATION_DESIGN
11569,0.9802234114561943,5.850538123915658,77.35717274945692,-0.26593416109518075,0.2148070301912894,0.0148962802431233,9.375,5.25,-1.8,SW-SHARED-STAIR-LIFT-BASE,1SnbtbDRLQCQ5gG71z3C5f,H03_C_UNFACTORED_DIAGNOSTIC_FIXED_BASE_NOT_FOUNDATION_DESIGN
11570,0.8015424127840244,3.7240609317801883,56.53456845387566,-0.1717094021976066,0.15973717852803276,0.003251459368639121,9.375,5.61,-1.8,SW-SHARED-STAIR-LIFT-BASE,1SnbtbDRLQCQ5gG71z3C5f,H03_C_UNFACTORED_DIAGNOSTIC_FIXED_BASE_NOT_FOUNDATION_DESIGN
11571,0.47159212792849786,1.8205704629199824,29.943293547362618,-0.0839813774376458,0.09191916237612457,-0.003568848797072902,9.375,5.8,-1.8,SW-SHARED-STAIR-LIFT-BASE,1SnbtbDRLQCQ5gG71z3C5f,H03_C_UNFACTORED_DIAGNOSTIC_FIXED_BASE_NOT_FOUNDATION_DESIGN
11572,0.3872779977807399,1.3362368768243629,23.223714224073213,-0.06343237742278042,0.07925788077636398,-0.006526889152678547,9.375,5.9,-1.8,SW-SHARED-STAIR-LIFT-BASE,1SnbtbDRLQCQ5gG71z3C5f,H03_C_UNFACTORED_DIAGNOSTIC_FIXED_BASE_NOT_FOUNDATION_DESIGN
11573,0.5422581485832368,1.6573401901939624,29.985908951685666,-0.0808026329985912,0.11874241303672778,-0.01439370707086592,9.375,6.025,-1.8,SW-SHARED-STAIR-LIFT-BASE,1SnbtbDRLQCQ5gG71z3C5f,H03_C_UNFACTORED_DIAGNOSTIC_FIXED_BASE_NOT_FOUNDATION_DESIGN
11574,2.420306985628119,4.26286600894409,80.82220766876284,-0.1940104860183281,0.5120328987109976,-0.06346087867953944,9.375,6.19,-1.8,SW-SHARED-STAIR-LIFT-BASE,1SnbtbDRLQCQ5gG71z3C5f,H03_C_UNFACTORED_DIAGNOSTIC_FIXED_BASE_NOT_FOUNDATION_DESIGN
11575,3.714457931681305,3.5865681232860784,78.0036129852287,-0.152715716515759,0.722791641374671,-0.05219588733964301,9.375,6.8,-1.8,SW-SHARED-STAIR-LIFT-BASE,1SnbtbDRLQCQ5gG71z3C5f,H03_C_UNFACTORED_DIAGNOSTIC_FIXED_BASE_NOT_FOUNDATION_DESIGN
11576,1.428064341826315,0.5682624847246629,26.150166231792333,-0.038146384049726464,0.3718113313504188,-0.019211289149271095,9.375,6.925,-1.8,SW-SHARED-STAIR-LIFT-BASE,1SnbtbDRLQCQ5gG71z3C5f,H03_C_UNFACTORED_DIAGNOSTIC_FIXED_BASE_NOT_FOUNDATION_DESIGN
11577,2.9697057810145546,0.25588755215309966,72.49784373949693,-0.05364647316395049,0.7252249013410701,0.01659359391114372,9.375,7.05,-1.8,SW-SHARED-STAIR-LIFT-BASE,1SnbtbDRLQCQ5gG71z3C5f,H03_C_UNFACTORED_DIAGNOSTIC_FIXED_BASE_NOT_FOUNDATION_DESIGN
11578,1.4962331213557416,-0.7484725711976186,112.36851415214005,0.0077960487698018124,0.6808898035060381,0.0790576461660531,9.375,7.6325,-1.8,SW-SHARED-STAIR-LIFT-BASE,1SnbtbDRLQCQ5gG71z3C5f,H03_C_UNFACTORED_DIAGNOSTIC_FIXED_BASE_NOT_FOUNDATION_DESIGN
11579,0.13303490787861785,-1.9291253781694477,107.43040192268393,0.07318613480769154,0.31117318898911417,0.04050965586660805,9.375,8.215,-1.8,SW-SHARED-STAIR-LIFT-BASE,1SnbtbDRLQCQ5gG71z3C5f,H03_C_UNFACTORED_DIAGNOSTIC_FIXED_BASE_NOT_FOUNDATION_DESIGN
11580,0.10157045106959263,-3.2065761210153267,104.26483976810894,0.12604007671355885,0.16678314644312853,0.020882686865167786,9.375,8.7975,-1.8,SW-SHARED-STAIR-LIFT-BASE,1SnbtbDRLQCQ5gG71z3C5f,H03_C_UNFACTORED_DIAGNOSTIC_FIXED_BASE_NOT_FOUNDATION_DESIGN
11581,0.023699546104220807,-3.321345702455423,76.46721604990569,0.1319132702558547,0.060876734677174776,0.015210707183934552,9.375,9.38,-1.8,SW-SHARED-STAIR-LIFT-BASE,1SnbtbDRLQCQ5gG71z3C5f,H03_C_UNFACTORED_DIAGNOSTIC_FIXED_BASE_NOT_FOUNDATION_DESIGN
11582,0.0009630455142632527,-2.75535524746562,50.083734974848305,0.11001503700621457,0.008524315017400717,0.009476970426932803,9.375,9.67,-1.8,SW-SHARED-STAIR-LIFT-BASE,1SnbtbDRLQCQ5gG71z3C5f,H03_C_UNFACTORED_DIAGNOSTIC_FIXED_BASE_NOT_FOUNDATION_DESIGN
11583,0.05137788916422624,-6.0108682490711605,86.10600557541167,0.24022718721602995,-0.09923376140543042,0.03695225024517019,9.375,9.96,-1.8,SW-SHARED-STAIR-LIFT-BASE,1SnbtbDRLQCQ5gG71z3C5f,H03_C_UNFACTORED_DIAGNOSTIC_FIXED_BASE_NOT_FOUNDATION_DESIGN
11584,-1.4622626354553607,-11.222110126325932,124.02034312768612,0.4832350318768849,-0.6451055144335914,0.11912319272611153,9.375,10.68,-1.8,SW-SHARED-STAIR-LIFT-BASE,1SnbtbDRLQCQ5gG71z3C5f,H03_C_UNFACTORED_DIAGNOSTIC_FIXED_BASE_NOT_FOUNDATION_DESIGN
11585,-2.804467146251982,-7.991532211405863,68.92839507861268,0.3645198265214974,-0.7411305238579098,0.07193019145478366,9.375,11.4,-1.8,SW-SHARED-STAIR-LIFT-BASE,1SnbtbDRLQCQ5gG71z3C5f,H03_C_UNFACTORED_DIAGNOSTIC_FIXED_BASE_NOT_FOUNDATION_DESIGN
11586,-0.4067211572773799,-0.6181467010323196,6.306901171778509,0.038644795974043585,-0.08469398517503926,-0.00012613128956837256,9.375,11.43,-1.8,SW-SHARED-STAIR-LIFT-BASE,1SnbtbDRLQCQ5gG71z3C5f,H03_C_UNFACTORED_DIAGNOSTIC_FIXED_BASE_NOT_FOUNDATION_DESIGN
11587,-0.5070299314915894,-0.6486080191179822,6.96637287741733,0.04355764081629473,-0.09371332458453635,-0.00333072491440458,9.375,11.465,-1.8,SW-SHARED-STAIR-LIFT-BASE,1SnbtbDRLQCQ5gG71z3C5f,H03_C_UNFACTORED_DIAGNOSTIC_FIXED_BASE_NOT_FOUNDATION_DESIGN
11588,-0.7783127759205721,-0.7889862032097819,9.293037065111609,0.05956994916736703,-0.12149885974911204,-0.013943295458615532,9.375,11.5,-1.8,SW-SHARED-STAIR-LIFT-BASE,1SnbtbDRLQCQ5gG71z3C5f,H03_C_UNFACTORED_DIAGNOSTIC_FIXED_BASE_NOT_FOUNDATION_DESIGN
11589,-0.1065408588885681,-1.3251696207505725,8.892161564117835,0.05951877209807246,-0.2110215271711312,0.06360782387502543,9.375,11.555,-1.8,SW-SHARED-STAIR-LIFT-BASE,1SnbtbDRLQCQ5gG71z3C5f,H03_C_UNFACTORED_DIAGNOSTIC_FIXED_BASE_NOT_FOUNDATION_DESIGN
11590,-1.0922220619308627,-1.475190523524609,13.98087182113123,0.10073261537983037,-0.1870005357327442,0.009064709416934151,9.375,11.59,-1.8,SW-SHARED-STAIR-LIFT-BASE,1SnbtbDRLQCQ5gG71z3C5f,H03_C_UNFACTORED_DIAGNOSTIC_FIXED_BASE_NOT_FOUNDATION_DESIGN
11591,-0.700994002786001,-5.966888651539316,13.310429897694737,0.07952824496267791,-0.14622181809734833,-0.029051684592855065,9.375,11.68,-1.8,SW-SHARED-STAIR-LIFT-BASE,1SnbtbDRLQCQ5gG71z3C5f,H03_C_UNFACTORED_DIAGNOSTIC_FIXED_BASE_NOT_FOUNDATION_DESIGN
11592,5.5304077403577185,1.3266882230205819,38.96574567688776,-0.22150014615255526,0.06887905859871091,-0.034105369347533804,9.5,4.625,-1.8,SW-LIFT-S-BASE,1NwgnMdQLKCA3SrwNet9UY,H03_C_UNFACTORED_DIAGNOSTIC_FIXED_BASE_NOT_FOUNDATION_DESIGN
11593,1.054368861571362,2.0480758038803746,84.83991790357686,-0.26713092136860744,0.11098315756542795,-0.07544233687663988,9.925,4.625,-1.8,SW-LIFT-S-BASE,1NwgnMdQLKCA3SrwNet9UY,H03_C_UNFACTORED_DIAGNOSTIC_FIXED_BASE_NOT_FOUNDATION_DESIGN
11594,3.8552630947419577,1.279127319419814,94.6672009850545,-0.00876312391486185,0.15449526974881525,-0.02319290799871771,10.525,4.625,-1.8,SW-LIFT-S-BASE,1NwgnMdQLKCA3SrwNet9UY,H03_C_UNFACTORED_DIAGNOSTIC_FIXED_BASE_NOT_FOUNDATION_DESIGN
11595,4.934579436221409,0.9044954134686545,87.48932083027196,-0.01514315374416432,0.1458844266010046,0.044824708533253176,11.125,4.625,-1.8,SW-LIFT-S-BASE,1NwgnMdQLKCA3SrwNet9UY,H03_C_UNFACTORED_DIAGNOSTIC_FIXED_BASE_NOT_FOUNDATION_DESIGN
11596,-3.407473798580116,0.47392756510541184,39.282761610062046,-0.06083096402941874,0.04147502226494613,0.03481531161042166,11.55,4.625,-1.8,SW-LIFT-S-BASE,1NwgnMdQLKCA3SrwNet9UY,H03_C_UNFACTORED_DIAGNOSTIC_FIXED_BASE_NOT_FOUNDATION_DESIGN
11597,10.846880231726171,0.4070756977538993,45.346523662940534,-0.10339506529309639,0.27982756559933225,0.006969633511166208,9.5,6.925,-1.8,SW-LIFT-N-BASE,1SQIqqambK5xShVqIR1Opx,H03_C_UNFACTORED_DIAGNOSTIC_FIXED_BASE_NOT_FOUNDATION_DESIGN
11598,10.681112619215245,-0.13566073058690148,99.29828984501981,-0.1225670271787605,0.5275664266186451,-0.005545500769633208,9.925,6.925,-1.8,SW-LIFT-N-BASE,1SQIqqambK5xShVqIR1Opx,H03_C_UNFACTORED_DIAGNOSTIC_FIXED_BASE_NOT_FOUNDATION_DESIGN
11599,8.662536788223695,-1.7002188644855356,114.82088201519159,0.1388622029575122,0.41769230347746517,-0.043958038580837286,10.525,6.925,-1.8,SW-LIFT-N-BASE,1SQIqqambK5xShVqIR1Opx,H03_C_UNFACTORED_DIAGNOSTIC_FIXED_BASE_NOT_FOUNDATION_DESIGN
11600,3.928386400630176,-2.97642201612626,99.01310123898823,0.5177968220533972,0.17645583155676225,-0.09918727887746293,11.125,6.925,-1.8,SW-LIFT-N-BASE,1SQIqqambK5xShVqIR1Opx,H03_C_UNFACTORED_DIAGNOSTIC_FIXED_BASE_NOT_FOUNDATION_DESIGN
11601,-4.750103599583882,-1.9171832362080365,42.2994927443195,0.37296934888461364,0.012937110681273605,-0.04212721846990505,11.55,6.925,-1.8,SW-LIFT-N-BASE,1SQIqqambK5xShVqIR1Opx,H03_C_UNFACTORED_DIAGNOSTIC_FIXED_BASE_NOT_FOUNDATION_DESIGN
11602,-0.07842021346071323,5.648051007598861,11.005976605465365,-0.024647256317730126,0.012000370786264118,0.06208960491546292,11.675,4.5,-1.8,SW-LIFT-E-BASE,0YaItQau9QYhfv6PzWtpWY,H03_C_UNFACTORED_DIAGNOSTIC_FIXED_BASE_NOT_FOUNDATION_DESIGN
11603,0.18399121252061776,0.3153527891539234,12.745663617821158,-0.030491243946704567,0.0004605722929378643,0.0012630137213744015,11.675,4.6,-1.8,SW-LIFT-E-BASE,0YaItQau9QYhfv6PzWtpWY,H03_C_UNFACTORED_DIAGNOSTIC_FIXED_BASE_NOT_FOUNDATION_DESIGN
11604,0.6168699491266683,0.8136525535770796,15.700101957602971,-0.02409880149813349,0.050513815766088745,-0.044334958202878416,11.675,4.625,-1.8,SW-LIFT-E-BASE,0YaItQau9QYhfv6PzWtpWY,H03_C_UNFACTORED_DIAGNOSTIC_FIXED_BASE_NOT_FOUNDATION_DESIGN
11605,0.11521051137916986,0.7495086535384354,22.920764042899485,-0.028462563574227398,0.02469239069888883,-0.005172496530042009,11.675,4.75,-1.8,SW-LIFT-E-BASE,0YaItQau9QYhfv6PzWtpWY,H03_C_UNFACTORED_DIAGNOSTIC_FIXED_BASE_NOT_FOUNDATION_DESIGN
11606,0.24623890413220256,0.8770664412495401,51.54673083460971,-0.03359139240808252,0.057232787990839626,-0.00723994859013484,11.675,4.85,-1.8,SW-LIFT-E-BASE,0YaItQau9QYhfv6PzWtpWY,H03_C_UNFACTORED_DIAGNOSTIC_FIXED_BASE_NOT_FOUNDATION_DESIGN
11607,0.10395444306078766,-0.5286225972840377,79.222982744585,0.02747013015788804,0.06813846494958595,-0.00901592108326595,11.675,5.25,-1.8,SW-LIFT-E-BASE,0YaItQau9QYhfv6PzWtpWY,H03_C_UNFACTORED_DIAGNOSTIC_FIXED_BASE_NOT_FOUNDATION_DESIGN
11608,-0.13310663890547786,-1.9317919296389823,57.39866219611267,0.08823360439891689,0.03683330336235456,-0.0036173824211289114,11.675,5.61,-1.8,SW-LIFT-E-BASE,0YaItQau9QYhfv6PzWtpWY,H03_C_UNFACTORED_DIAGNOSTIC_FIXED_BASE_NOT_FOUNDATION_DESIGN
11609,-0.10387696973196907,-1.5813762525693909,30.0419476080315,0.07109255473477755,0.01699607793181123,0.0007369008454362596,11.675,5.8,-1.8,SW-LIFT-E-BASE,0YaItQau9QYhfv6PzWtpWY,H03_C_UNFACTORED_DIAGNOSTIC_FIXED_BASE_NOT_FOUNDATION_DESIGN
11610,-0.07170427137151628,-1.4996720360774214,23.089743735465348,0.06689957188608983,0.012428442205062822,0.0028163263561063355,11.675,5.9,-1.8,SW-LIFT-E-BASE,0YaItQau9QYhfv6PzWtpWY,H03_C_UNFACTORED_DIAGNOSTIC_FIXED_BASE_NOT_FOUNDATION_DESIGN
11611,-0.07142871220385578,-2.2484724733151635,29.39931486379141,0.09973161413083237,0.013136639003895847,0.006850451563636527,11.675,6.025,-1.8,SW-LIFT-E-BASE,0YaItQau9QYhfv6PzWtpWY,H03_C_UNFACTORED_DIAGNOSTIC_FIXED_BASE_NOT_FOUNDATION_DESIGN
11612,-0.2800962530701066,-7.2716417076146405,77.45129801338545,0.3482803287321588,0.011714925082948963,0.025244353613061,11.675,6.19,-1.8,SW-LIFT-E-BASE,0YaItQau9QYhfv6PzWtpWY,H03_C_UNFACTORED_DIAGNOSTIC_FIXED_BASE_NOT_FOUNDATION_DESIGN
11613,-0.4337917607783534,-8.216826584071631,73.77123632830198,0.39130054922470486,-0.017766718447205117,0.00978388145358626,11.675,6.8,-1.8,SW-LIFT-E-BASE,0YaItQau9QYhfv6PzWtpWY,H03_C_UNFACTORED_DIAGNOSTIC_FIXED_BASE_NOT_FOUNDATION_DESIGN
11614,0.3046953167755512,-3.1515896429950114,26.497464766858123,0.18216565910269428,0.006374530331396861,0.03930912206907653,11.675,6.925,-1.8,SW-LIFT-E-BASE,0YaItQau9QYhfv6PzWtpWY,H03_C_UNFACTORED_DIAGNOSTIC_FIXED_BASE_NOT_FOUNDATION_DESIGN
11615,0.11473978308727736,-6.467934767675746,16.117222094485292,0.10273922976628896,-0.018096637184622004,-0.013106337511018824,11.675,7.05,-1.8,SW-LIFT-E-BASE,0YaItQau9QYhfv6PzWtpWY,H03_C_UNFACTORED_DIAGNOSTIC_FIXED_BASE_NOT_FOUNDATION_DESIGN
